<?xml version="1.0" encoding="UTF-8"?>
<project default="generate" name="project.acceleo">
    <property name="ECLIPSE_HOME" value="C:/Users/kacpe/eclipse/modeling-2024-12/eclipse"/>
    <property name="ECLIPSE_WORKSPACE" value="../.."/>

    <!-- The classpath with only the dependencies used by the project -->
    <path id="project.acceleo.libraryclasspath">
        <pathelement location="${ECLIPSE_WORKSPACE}/project.acceleo/bin"/>
    </path>

    <path id="project.acceleo.classpath">
        <path refid="project.acceleo.libraryclasspath"/>
    </path>

    <!-- The classpath with only the jars available in the plugin folder of Eclipse -->
    <path id="project.acceleo.libraryclasspath.alljars">
        <pathelement location="../project.acceleo/bin"/>
        <fileset dir="${ECLIPSE_HOME}/plugins/" includes="*.jar"/>
    </path>

    <path id="project.acceleo.classpath.alljars">
        <path refid="project.acceleo.libraryclasspath.alljars"/>
    </path>

    <!-- The default task with the jars used by this project -->
    <target name="generate">
        <java classname="project.acceleo.main.Generate" classpathref="project.acceleo.classpath">
            <arg value="${model}"/>
            <arg value="${target}"/>
        </java>
    </target>

    <!--
        In case of problem you can also try with all the jar available in your Eclipse
        Keep in mind that having two versions of the same jar can create problems
    -->
    <target name="generate.alljars">
        <java classname="project.acceleo.main.Generate" classpathref="project.acceleo.classpath">
            <arg value="${model}"/>
            <arg value="${target}"/>
        </java>
    </target>
</project>
